Workbook

Sheet References
A1: 0 | B1: <= | C1: INSUFICIENTE | D1: < | E1: 0.5 | H1: Dates
A2: 0.5 | B2: <= | C2: MEDIANO | D2: < | E2: 0.8 | H2: 44927
A3: 0.8 | B3: <= | C3: SATISFATÓRIO | D3: < | E3: 0.95 | H3: 44958
A4: 0.95 | B4: <= | C4: EXCELENTE | D4: <= | E4: 1 | H4: 44986
H5: 45017
H6: 45047
H7: 45078
H8: 45108
H9: 45139
H10: 45170
H11: 45200
H12: 45231
H13: 45261
H14: 45292
H15: 45323
H16: 45352
... H37: 45992

Sheet HSE Checklist
A1: CHECK-LIST DE IMPLEMENTAÇÃO HSE EM OBRA | I1: =IF(COUNTA(D11:F126)=(COUNTA(A10:A126)-8),"FORMULÁRIO COMPLETO","FORMULÁRIO INCOMPLETO") -> FORMULÁRIO COMPLETO | K1: Passo a passo:
A2: VAMED Engineering | K2: 1 - Limpe o formulário clicando no botão "LIMPAR FORMULÁRIO". 2 - Preencha todos os campos C, NC e NA conforme indicado na legenda. 3 - Se o indicador estiver verde e escrito "FORMULÁRIO COMPLETO", clique em "GRAVAR NOTA". 4 - Se o indicador estiver vermelho e escrito "FORMULÁRIO INCOMPLETO", cheque se todos os campos C, NC e NA foram preenchidos; 5 - Após confirmação de "Formulário Completo" imprima e recolha as assinaturas necessárias.
A3: PRO-fit
A4: Nome da obra: | C4: Hospital Militar Regional Do Huambo | D4: Centro de custo: | G4: 13DC – DEI/SV/2021
A5: Site manager: | C5: Eduardo Silva | D5: Mês: | G5: 45017
A6: Téc. de Segurança e Amb.: | C6: Faustino dos Santos
A8: ID | B8: Itens a verificar | D8: C | E8: NC | F8: NA | G8: Observações
A9: C: CONFORME, NC: NÃO CONFORME, NA: NÃO SE APLICA | K9: Última nota gravada: | M9: =IF(SUM(HSE_checklist_database[Date])=0,"",MAX(HSE_checklist_database[Date]))
A10: 1 | B10: Documentação / Procedimentos de obra
A11: 1.1 | B11: Manual HSE VAMED actualizado | D11: X | H11: =IF(AND(E11="X",G11=""),"<<< Escreva uma justificativa para esta Não Conformidade!","")
A12: 1.2 | B12: Licença de Obra (afixada) | D12: X | H12: =IF(AND(E12="X",G12=""),"<<< Escreva uma justificativa para esta Não Conformidade!","")
A13: 1.3 | B13: Plano de Segurança e Saúde aprovado | D13: X | H13: =IF(AND(E13="X",G13=""),"<<< Escreva uma justificativa para esta Não Conformidade!","")
A14: 1.4 | B14: Plano de Gestão Ambiental aprovado | D14: X | H14: =IF(AND(E14="X",G14=""),"<<< Escreva uma justificativa para esta Não Conformidade!","")
A15: 1.5 | B15: Plano de Gestão de Resíduos aprovado pela ANR | D15: X | H15: =IF(AND(E15="X",G15=""),"<<< Escreva uma justificativa para esta Não Conformidade!","")
A16: 1.6 | B16: Licença dos geradores | D16: X | H16: =IF(AND(E16="X",G16=""),"<<< Escreva uma justificativa para esta Não Conformidade!","")
A17: 1.7 | B17: Certificado dos Bombeiros | D17: X | H17: =IF(AND(E17="X",G17=""),"<<< Escreva uma justificativa para esta Não Conformidade!","")
A18: 1.8 | B18: Procedimentos de Segurança submetidos e aprovados para as actividades em curso | D18: X | H18: =IF(AND(E18="X",G18=""),"<<< Escreva uma justificativa para esta Não Conformidade!","")
A19: 1.9 | B19: Documentação dos trabalhadores (Documento de identificação, atestado médico, Entrega EPI, Certificado Aptidão) | D19: X | H19: =IF(AND(E19="X",G19=""),"<<< Escreva uma justificativa para esta Não Conformidade!","")
A20: 1.10 | B20: Documentação das empresas (Alvará, Seguro AT, Contribuinte e Seg. Social) | D20: X | H20: =IF(AND(E20="X",G20=""),"<<< Escreva uma justificativa para esta Não Conformidade!","")
A21: 1.11 | B21: Documentação dos equipamentos | D21: X | H21: =IF(AND(E21="X",G21=""),"<<< Escreva uma justificativa para esta Não Conformidade!","")
A22: 1.12 | B22: Indução com atribuição de autocolante | D22: X | H22: =IF(AND(E22="X",G22=""),"<<< Escreva uma justificativa para esta Não Conformidade!","")
A23: 1.13 | B23: Reunião semanal HSE implementada | D23: X | H23: =IF(AND(E23="X",G23=""),"<<< Escreva uma justificativa para esta Não Conformidade!","")
A24: 1.14 | B24: Relatório mensal implementado | D24: X | H24: =IF(AND(E24="X",G24=""),"<<< Escreva uma justificativa para esta Não Conformidade!","")
A25: 1.15 | B25: Quadro de sinistralidade | D25: X | H25: =IF(AND(E25="X",G25=""),"<<< Escreva uma justificativa para esta Não Conformidade!","")
A26: 1.16 | B26: Investigação de acidentes | F26: X | G26: Nãso se verificaram ocorrências no presente mês. | H26: =IF(AND(E26="X",G26=""),"<<< Escreva uma justificativa para esta Não Conformidade!","")
A27: 1.17 | B27: Relatório trimestral (INGA) | D27: X | H27: =IF(AND(E27="X",G27=""),"<<< Escreva uma justificativa para esta Não Conformidade!","")
A28: 1.18 | B28: Relatório semestral (Entidades financiadoras) | D28: X | H28: =IF(AND(E28="X",G28=""),"<<< Escreva uma justificativa para esta Não Conformidade!","")
A29: 1.19 | B29: N.º Técnicos de Segurança dos subcontratados de acordo com as regras VAMED | D29: X | H29: =IF(AND(E29="X",G29=""),"<<< Escreva uma justificativa para esta Não Conformidade!","")
A30: 1.20 | B30: Sensibilização semanal de HSE | D30: X | H30: =IF(AND(E30="X",G30=""),"<<< Escreva uma justificativa para esta Não Conformidade!","")
A31: 1.21 | B31: Realização de controlos de alcoolemia | D31: X | H31: =IF(AND(E31="X",G31=""),"<<< Escreva uma justificativa para esta Não Conformidade!","")
A32: 1.22 | B32: Licença de origem das matérias primas | D32: X
A33: 1.23 | B33: Realização de indução aos visitantes | D33: X
A34: 1.24 | B34: Formação mensal aos seguranças | D34: X
A35: 1.25 | B35: Recolha da documentação dos seguranças | D35: X
A36: 1.26 | B36: Cumprimento do SEP (Stakeholders Engagement Plan) | D36: X
A37: 1.27 | B37: Interação mensal com as comunidades | D37: X
A38: 1.28 | B38: Implementação do projeto de responsabilidade social | D38: X | G38: A acção será retomada no início de 2026.
A39: 1.29 | B39: Inspeção e condições de habitabilidade das bases de vida dos subcontratados | D39: X
A40: 1.30 | B40: Criação da CPAT ou definição do representante dos trabalhadores | D40: X
A41: 1.31 | B41: Reconhecimento mensal | D41: X
A42: 1.32 | B42: Plano de gestao de tráfego atualizado | D42: X
A43: 2 | B43: Plano de imagem | H43: =IF(AND(E43="X",G43=""),"<<< Escreva uma justificativa para esta Não Conformidade!","")
A44: 2.1 | B44: Placa de obra (instalação e estado de conservação) | D44: X | H44: =IF(AND(E44="X",G44=""),"<<< Escreva uma justificativa para esta Não Conformidade!","")
A45: 2.2 | B45: Lonas VAMED (instalação e estado de conservação) | D45: X | H45: Não é permitido alterar a data ou ano.
A46: 2.3 | B46: PVC de tapume (20m em 20m – instalação e estado de conservação) | D46: X | H46: =IF(AND(E46="X",G46=""),"<<< Escreva uma justificativa para esta Não Conformidade!","")
A47: 2.4 | B47: Mastros + bandeiras (instalação e estado de conservação) | D47: X | H47: =IF(AND(E47="X",G47=""),"<<< Escreva uma justificativa para esta Não Conformidade!","")
A48: 2.5 | B48: Sinalização de Entrada de Obra (instalação e estado de conservação) | D48: X | H48: =IF(AND(E48="X",G48=""),"<<< Escreva uma justificativa para esta Não Conformidade!","")
A49: 3 | B49: Estaleiro (Geral) | H49: =IF(AND(E49="X",G49=""),"<<< Escreva uma justificativa para esta Não Conformidade!","")
A50: 3.1 | B50: Controlo de acessos implementado | D50: X | H50: =IF(AND(E50="X",G50=""),"<<< Escreva uma justificativa para esta Não Conformidade!","")
A51: 3.2 | B51: Sinal de Proibição de Circulação a mais de 20 Km/h | D51: X | H51: =IF(AND(E51="X",G51=""),"<<< Escreva uma justificativa para esta Não Conformidade!","")
A52: 3.3 | B52: Estacionamento identificado e sinalizado | D52: X | H52: =IF(AND(E52="X",G52=""),"<<< Escreva uma justificativa para esta Não Conformidade!","")
A53: 3.4 | B53: Limpeza do capim pelo interior da obra | D53: X | H53: =IF(AND(E53="X",G53=""),"<<< Escreva uma justificativa para esta Não Conformidade!","")
A54: 3.5 | B54: Limpeza do capim pelo exterior da obra | D54: X | H54: =IF(AND(E54="X",G54=""),"<<< Escreva uma justificativa para esta Não Conformidade!","")
A55: 3.6 | B55: Plano de controlo de pragas aprovado e implementado | D55: X | G55: Ultimo controlo de pragas s foi realizado no dia 27 /03 /2026. | H55: =IF(AND(E55="X",G55=""),"<<< Escreva uma justificativa para esta Não Conformidade!","")
A56: 3.7 | B56: Limpeza dos escritórios com respectivo registo | D56: X | H56: =IF(AND(E56="X",G56=""),"<<< Escreva uma justificativa para esta Não Conformidade!","")
A57: 3.8 | B57: Pára-raios | D57: X | H57: =IF(AND(E57="X",G57=""),"<<< Escreva uma justificativa para esta Não Conformidade!","")
A58: 3.9 | B58: Vitrina de informação de Segurança | D58: X | H58: =IF(AND(E58="X",G58=""),"<<< Escreva uma justificativa para esta Não Conformidade!","")
A59: 3.10 | B59: Identificação dos diferentes espaços de estaleiro (escritórios, ferramentarias, armazéns e estaleiros temporários) | D59: X | H59: =IF(AND(E59="X",G59=""),"<<< Escreva uma justificativa para esta Não Conformidade!","")
A60: 3.11 | B60: Análises à potabilidade da água (2 em 2 meses) | D60: X | G60: A ultima coleta de água para análise foi efectuada no dia 17-03-2026 | H60: =IF(AND(E60="X",G60=""),"<<< Escreva uma justificativa para esta Não Conformidade!","")
A61: 3.12 | B61: Manutenção periódica do sistema de filtragem da água | D61: X | G61: Foi realizado lavagem do sistema de filtragem de água no dia 09/ 04 /2026 | H61: =IF(AND(E61="X",G61=""),"<<< Escreva uma justificativa para esta Não Conformidade!","")
A62: 3.13 | B62: Sinalização da água potável | D62: X | H62: =IF(AND(E62="X",G62=""),"<<< Escreva uma justificativa para esta Não Conformidade!","")
A63: 3.14 | B63: Sinalização da água imprópria para consumo | D63: X | H63: =IF(AND(E63="X",G63=""),"<<< Escreva uma justificativa para esta Não Conformidade!","")
A64: 3.15 | B64: Zona de permissão de fumar | D64: X | H64: =IF(AND(E64="X",G64=""),"<<< Escreva uma justificativa para esta Não Conformidade!","")
A65: 3.16 | B65: Indicação de proibição de fumar | D65: X | H65: =IF(AND(E65="X",G65=""),"<<< Escreva uma justificativa para esta Não Conformidade!","")
A66: 3.17 | B66: Iluminação do estaleiro (perímetro interior e exterior) | D66: X | H66: =IF(AND(E66="X",G66=""),"<<< Escreva uma justificativa para esta Não Conformidade!","")
A67: 3.18 | B67: Fichas de dados de segurança para os produtos químicos existentes em estaleiro | D67: X | H67: =IF(AND(E67="X",G67=""),"<<< Escreva uma justificativa para esta Não Conformidade!","")
A68: 3.19 | B68: Manutenção periódica dos aparelhos de ar condicionado | D68: X | G68: Foi realizada a manutenção dos aparelhos de ar condicionado no dia 08 de Maio de 2026. | H68: =IF(AND(E68="X",G68=""),"<<< Escreva uma justificativa para esta Não Conformidade!","")
A69: 3.20 | B69: Organização, identificação das prateleiras e limpeza da ferramentaria | D69: X | H69: =IF(AND(E69="X",G69=""),"<<< Escreva uma justificativa para esta Não Conformidade!","")
A70: 3.21 | B70: Armazenamento do aço por diâmetros | F70: X | H70: =IF(AND(E70="X",G70=""),"<<< Escreva uma justificativa para esta Não Conformidade!","")
A71: 3.22 | B71: Cobertura do estaleiro do aço | F71: X | H71: =IF(AND(E71="X",G71=""),"<<< Escreva uma justificativa para esta Não Conformidade!","")
A72: 3.23 | B72: Estado das máquinas de corte e dobra de aço (incluindo ligação terra) | F72: X | H72: =IF(AND(E72="X",G72=""),"<<< Escreva uma justificativa para esta Não Conformidade!","")
A73: 3.24 | B73: Vedação e cobertura do depósito de combustível e geradores | D73: X | H73: =IF(AND(E73="X",G73=""),"<<< Escreva uma justificativa para esta Não Conformidade!","")
A74: 4 | B74: Emergência | H74: =IF(AND(E74="X",G74=""),"<<< Escreva uma justificativa para esta Não Conformidade!","")
A75: 4.1 | B75: Criação das Equipas de Emergência com atribuição de autocolante respectivo (Brigadista, Socorrista e Equipas de Evacuação) | D75: X | H75: =IF(AND(E75="X",G75=""),"<<< Escreva uma justificativa para esta Não Conformidade!","")
A76: 4.2 | B76: Instalação de sistema de alarme eficaz | D76: X | H76: =IF(AND(E76="X",G76=""),"<<< Escreva uma justificativa para esta Não Conformidade!","")
A77: 4.3 | B77: Sinal de Ponto de Encontro | D77: X | H77: =IF(AND(E77="X",G77=""),"<<< Escreva uma justificativa para esta Não Conformidade!","")
A78: 4.4 | B78: Realização de simulacro | D78: X | G78: Foi realizado simulacro na obra no dia 07/ 04 /2026. | H78: =IF(AND(E78="X",G78=""),"<<< Escreva uma justificativa para esta Não Conformidade!","")
A79: 4.8 | B79: Caixa de primeiros socorros – existência | D79: X | H79: =IF(AND(E79="X",G79=""),"<<< Escreva uma justificativa para esta Não Conformidade!","")
A80: 4.9 | B80: Extintores – existência | E80: X | G80: Os Extintores da Prefangol ou Central de Betão estão com a manutenção fora de validade. | H80: =IF(AND(E80="X",G80=""),"<<< Escreva uma justificativa para esta Não Conformidade!","")
A81: 4.10 | B81: Existência de sinalização de emergência | D81: X | H81: =IF(AND(E81="X",G81=""),"<<< Escreva uma justificativa para esta Não Conformidade!","")
A82: 4.11 | B82: Existência de maca em obra | D82: X | H82: =IF(AND(E82="X",G82=""),"<<< Escreva uma justificativa para esta Não Conformidade!","")
A83: 4.12 | B83: Contactos de emergência afixados e visíveis | D83: X
A84: 4.13 | B84: Definição das clínicas e/ou hospitais para emergência | D84: X
A85: 4.14 | B85: Existência de viatura disponível | D85: X
A86: 5 | B86: Inspecções | H86: =IF(AND(E86="X",G86=""),"<<< Escreva uma justificativa para esta Não Conformidade!","")
A87: 5.1 | B87: Andaimes – inspecção inicial e semanal | D87: X | H87: =IF(AND(E87="X",G87=""),"<<< Escreva uma justificativa para esta Não Conformidade!","")
A88: 5.2 | B88: Caixa de primeiros socorros – inspecção inicial e mensal | D88: X | H88: =IF(AND(E88="X",G88=""),"<<< Escreva uma justificativa para esta Não Conformidade!","")
A89: 5.3 | B89: Extintores – inspecção inicial e mensal | D89: X | H89: =IF(AND(E89="X",G89=""),"<<< Escreva uma justificativa para esta Não Conformidade!","")
A90: 5.4 | B90: Quadros eléctricos – inspecção inicial e mensal | D90: X | H90: =IF(AND(E90="X",G90=""),"<<< Escreva uma justificativa para esta Não Conformidade!","")
A91: 5.5 | B91: Ferramentas e material eléctrico (código de cores) – inspecção inicial e mensal | D91: X | H91: =IF(AND(E91="X",G91=""),"<<< Escreva uma justificativa para esta Não Conformidade!","")
A92: 5.6 | B92: Verificação dos equipamentos pesados | D92: X | H92: =IF(AND(E92="X",G92=""),"<<< Escreva uma justificativa para esta Não Conformidade!","")
A93: 6 | B93: Instalações Sociais | H93: =IF(AND(E93="X",G93=""),"<<< Escreva uma justificativa para esta Não Conformidade!","")
A94: 6.1 | B94: Área dos vestiários = 1,5 – (n.º de trabalhadores / 1000) | D94: X | H94: =IF(AND(E94="X",G94=""),"<<< Escreva uma justificativa para esta Não Conformidade!","")
A95: 6.2 | B95: Cabides e bancos corridos em número suficiente | D95: X | H95: =IF(AND(E95="X",G95=""),"<<< Escreva uma justificativa para esta Não Conformidade!","")
A96: 6.3 | B96: Chuveiros em número suficiente (1 por 20 trabalhadores) | D96: X | H96: =IF(AND(E96="X",G96=""),"<<< Escreva uma justificativa para esta Não Conformidade!","")
A97: 6.4 | B97: Sanitas em número suficiente (1 por cada 25 trabalhadores) | D97: X | H97: =IF(AND(E97="X",G97=""),"<<< Escreva uma justificativa para esta Não Conformidade!","")
A98: 6.5 | B98: Lavatórios em número suficiente (1 por cada 20 trabalhadores) | D98: X | H98: =IF(AND(E98="X",G98=""),"<<< Escreva uma justificativa para esta Não Conformidade!","")
A99: 6.6 | B99: Refeitório com capacidade para a totalidade de trabalhadores que almoçam em obra | D99: X | H99: =IF(AND(E99="X",G99=""),"<<< Escreva uma justificativa para esta Não Conformidade!","")
A100: 6.7 | B100: Mesas do refeitório forradas com material plástico | D100: X | H100: =IF(AND(E100="X",G100=""),"<<< Escreva uma justificativa para esta Não Conformidade!","")
A101: 6.8 | B101: Identificação das instalações sociais | D101: X | H101: =IF(AND(E101="X",G101=""),"<<< Escreva uma justificativa para esta Não Conformidade!","")
...

Sheet Calc
A1: ID | B1: ITENS A VERIFICAR | C1: Peso Ponderado (1 a 3) | E1: PESO RELATIVO TOTAL Σ100% | F1: PESO RELATIVO CALC Σ100% | G1: ='HSE Checklist'!G5 -> 45017
A2: 1_1 | B2: ='HSE Checklist'!B11 -> Manual HSE VAMED actualizado | C2: 2 | D2: =IF('HSE Checklist'!F11<>"",'HSE Checklist'!F11,"") | E2: =1/COUNTA($A$2:$A$110) -> 0.0091743119 | F2: =IF(D2="X",0,1/(COUNTA($A$2:$A$110)-COUNTIF($D$2:$D$110,"X"))) -> 0.0095238095 | G2: =IF(D2="X",F2,IF('HSE Checklist'!D11="X",F2,-F2)) -> 0.0095238095
A3: 1_2 | B3: ='HSE Checklist'!B12 -> Licença de Obra (afixada) | C3: 1 | D3: =IF('HSE Checklist'!F12<>"",'HSE Checklist'!F12,"") | E3: =1/COUNTA($A$2:$A$110) -> 0.0091743119 | F3: =IF(D3="X",0,1/(COUNTA($A$2:$A$110)-COUNTIF($D$2:$D$110,"X"))) -> 0.0095238095 | G3: =IF(D3="X",F3,IF('HSE Checklist'!D12="X",F3,-F3)) -> 0.0095238095
A4: 1_3 | B4: ='HSE Checklist'!B13 -> Plano de Segurança e Saúde aprovado | C4: 3 | D4: =IF('HSE Checklist'!F13<>"",'HSE Checklist'!F13,"") | E4: =1/COUNTA($A$2:$A$110) -> 0.0091743119 | F4: =IF(D4="X",0,1/(COUNTA($A$2:$A$110)-COUNTIF($D$2:$D$110,"X"))) -> 0.0095238095 | G4: =IF(D4="X",F4,IF('HSE Checklist'!D13="X",F4,-F4)) -> 0.0095238095
A5: 1_4 | B5: ='HSE Checklist'!B14 -> Plano de Gestão Ambiental aprovado | C5: 3 | D5: =IF('HSE Checklist'!F14<>"",'HSE Checklist'!F14,"") | E5: =1/COUNTA($A$2:$A$110) -> 0.0091743119 | F5: =IF(D5="X",0,1/(COUNTA($A$2:$A$110)-COUNTIF($D$2:$D$110,"X"))) -> 0.0095238095 | G5: =IF(D5="X",F5,IF('HSE Checklist'!D14="X",F5,-F5)) -> 0.0095238095
A6: 1_5 | B6: ='HSE Checklist'!B15 -> Plano de Gestão de Resíduos aprovado pela ANR | C6: 1 | D6: =IF('HSE Checklist'!F15<>"",'HSE Checklist'!F15,"") | E6: =1/COUNTA($A$2:$A$110) -> 0.0091743119 | F6: =IF(D6="X",0,1/(COUNTA($A$2:$A$110)-COUNTIF($D$2:$D$110,"X"))) -> 0.0095238095 | G6: =IF(D6="X",F6,IF('HSE Checklist'!D15="X",F6,-F6)) -> 0.0095238095
A7: 1_6 | B7: ='HSE Checklist'!B16 -> Licença dos geradores | C7: 3 | D7: =IF('HSE Checklist'!F16<>"",'HSE Checklist'!F16,"") | E7: =1/COUNTA($A$2:$A$110) -> 0.0091743119 | F7: =IF(D7="X",0,1/(COUNTA($A$2:$A$110)-COUNTIF($D$2:$D$110,"X"))) -> 0.0095238095 | G7: =IF(D7="X",F7,IF('HSE Checklist'!D16="X",F7,-F7)) -> 0.0095238095
A8: 1_7 | B8: ='HSE Checklist'!B17 -> Certificado dos Bombeiros | C8: 3 | D8: =IF('HSE Checklist'!F17<>"",'HSE Checklist'!F17,"") | E8: =1/COUNTA($A$2:$A$110) -> 0.0091743119 | F8: =IF(D8="X",0,1/(COUNTA($A$2:$A$110)-COUNTIF($D$2:$D$110,"X"))) -> 0.0095238095 | G8: =IF(D8="X",F8,IF('HSE Checklist'!D17="X",F8,-F8)) -> 0.0095238095
A9: 1_8 | B9: ='HSE Checklist'!B18 -> Procedimentos de Segurança submetidos e aprovados para as actividades em curso | C9: 3 | D9: =IF('HSE Checklist'!F18<>"",'HSE Checklist'!F18,"") | E9: =1/COUNTA($A$2:$A$110) -> 0.0091743119 | F9: =IF(D9="X",0,1/(COUNTA($A$2:$A$110)-COUNTIF($D$2:$D$110,"X"))) -> 0.0095238095 | G9: =IF(D9="X",F9,IF('HSE Checklist'!D18="X",F9,-F9)) -> 0.0095238095
A10: 1_9 | B10: ='HSE Checklist'!B19 -> Documentação dos trabalhadores (Documento de identificação, atestado médico, Entrega EPI, Certificado Aptidão) | C10: 3 | D10: =IF('HSE Checklist'!F19<>"",'HSE Checklist'!F19,"") | E10: =1/COUNTA($A$2:$A$110) -> 0.0091743119 | F10: =IF(D10="X",0,1/(COUNTA($A$2:$A$110)-COUNTIF($D$2:$D$110,"X"))) -> 0.0095238095 | G10: =IF(D10="X",F10,IF('HSE Checklist'!D19="X",F10,-F10)) -> 0.0095238095
A11: 1_10 | B11: ='HSE Checklist'!B20 -> Documentação das empresas (Alvará, Seguro AT, Contribuinte e Seg. Social) | C11: 3 | D11: =IF('HSE Checklist'!F20<>"",'HSE Checklist'!F20,"") | E11: =1/COUNTA($A$2:$A$110) -> 0.0091743119 | F11: =IF(D11="X",0,1/(COUNTA($A$2:$A$110)-COUNTIF($D$2:$D$110,"X"))) -> 0.0095238095 | G11: =IF(D11="X",F11,IF('HSE Checklist'!D20="X",F11,-F11)) -> 0.0095238095
A12: 1_11 | B12: ='HSE Checklist'!B21 -> Documentação dos equipamentos | C12: 3 | D12: =IF('HSE Checklist'!F21<>"",'HSE Checklist'!F21,"") | E12: =1/COUNTA($A$2:$A$110) -> 0.0091743119 | F12: =IF(D12="X",0,1/(COUNTA($A$2:$A$110)-COUNTIF($D$2:$D$110,"X"))) -> 0.0095238095 | G12: =IF(D12="X",F12,IF('HSE Checklist'!D21="X",F12,-F12)) -> 0.0095238095
A13: 1_12 | B13: ='HSE Checklist'!B22 -> Indução com atribuição de autocolante | C13: 2 | D13: =IF('HSE Checklist'!F22<>"",'HSE Checklist'!F22,"") | E13: =1/COUNTA($A$2:$A$110) -> 0.0091743119 | F13: =IF(D13="X",0,1/(COUNTA($A$2:$A$110)-COUNTIF($D$2:$D$110,"X"))) -> 0.0095238095 | G13: =IF(D13="X",F13,IF('HSE Checklist'!D22="X",F13,-F13)) -> 0.0095238095
... A33: 1_32 | B33: ='HSE Checklist'!B42 -> Plano de gestao de tráfego atualizado | C33: 2 | D33: =IF('HSE Checklist'!F42<>"",'HSE Checklist'!F42,"") | E33: =1/COUNTA($A$2:$A$110) -> 0.0091743119 | F33: =IF(D33="X",0,1/(COUNTA($A$2:$A$110)-COUNTIF($D$2:$D$110,"X"))) -> 0.0095238095 | G33: =IF(D33="X",F33,IF('HSE Checklist'!D42="X",F33,-F33)) -> 0.0095238095
A34: 2_1 | B34: ='HSE Checklist'!B44 -> Placa de obra (instalação e estado de conservação) | C34: 1 | D34: =IF('HSE Checklist'!F44<>"",'HSE Checklist'!F44,"") | E34: =1/COUNTA($A$2:$A$110) -> 0.0091743119 | F34: =IF(D34="X",0,1/(COUNTA($A$2:$A$110)-COUNTIF($D$2:$D$110,"X"))) -> 0.0095238095 | G34: =IF(D34="X",F34,IF('HSE Checklist'!D44="X",F34,-F34)) -> 0.0095238095
A35: 2_2 | B35: ='HSE Checklist'!B45 -> Lonas VAMED (instalação e estado de conservação) | C35: 1 | D35: =IF('HSE Checklist'!F45<>"",'HSE Checklist'!F45,"") | E35: =1/COUNTA($A$2:$A$110) -> 0.0091743119 | F35: =IF(D35="X",0,1/(COUNTA($A$2:$A$110)-COUNTIF($D$2:$D$110,"X"))) -> 0.0095238095 | G35: =IF(D35="X",F35,IF('HSE Checklist'!D45="X",F35,-F35)) -> 0.0095238095
A36: 2_3 | B36: ='HSE Checklist'!B46 -> PVC de tapume (20m em 20m – instalação e estado de conservação) | C36: 1 | D36: =IF('HSE Checklist'!F46<>"",'HSE Checklist'!F46,"") | E36: =1/COUNTA($A$2:$A$110) -> 0.0091743119 | F36: =IF(D36="X",0,1/(COUNTA($A$2:$A$110)-COUNTIF($D$2:$D$110,"X"))) -> 0.0095238095 | G36: =IF(D36="X",F36,IF('HSE Checklist'!D46="X",F36,-F36)) -> 0.0095238095
A37: 2_4 | B37: ='HSE Checklist'!B47 -> Mastros + bandeiras (instalação e estado de conservação) | C37: 1 | D37: =IF('HSE Checklist'!F47<>"",'HSE Checklist'!F47,"") | E37: =1/COUNTA($A$2:$A$110) -> 0.0091743119 | F37: =IF(D37="X",0,1/(COUNTA($A$2:$A$110)-COUNTIF($D$2:$D$110,"X"))) -> 0.0095238095 | G37: =IF(D37="X",F37,IF('HSE Checklist'!D47="X",F37,-F37)) -> 0.0095238095
A38: 2_5 | B38: ='HSE Checklist'!B48 -> Sinalização de Entrada de Obra (instalação e estado de conservação) | C38: 1 | D38: =IF('HSE Checklist'!F48<>"",'HSE Checklist'!F48,"") | E38: =1/COUNTA($A$2:$A$110) -> 0.0091743119 | F38: =IF(D38="X",0,1/(COUNTA($A$2:$A$110)-COUNTIF($D$2:$D$110,"X"))) -> 0.0095238095 | G38: =IF(D38="X",F38,IF('HSE Checklist'!D48="X",F38,-F38)) -> 0.0095238095
A39: 3_1 | B39: ='HSE Checklist'!B50 -> Controlo de acessos implementado | C39: 2 | D39: =IF('HSE Checklist'!F50<>"",'HSE Checklist'!F50,"") | E39: =1/COUNTA($A$2:$A$110) -> 0.0091743119 | F39: =IF(D39="X",0,1/(COUNTA($A$2:$A$110)-COUNTIF($D$2:$D$110,"X"))) -> 0.0095238095 | G39: =IF(D39="X",F39,IF('HSE Checklist'!D50="X",F39,-F39)) -> 0.0095238095
A40: 3_2 | B40: ='HSE Checklist'!B51 -> Sinal de Proibição de Circulação a mais de 20 Km/h | C40: 1 | D40: =IF('HSE Checklist'!F51<>"",'HSE Checklist'!F51,"") | E40: =1/COUNTA($A$2:$A$110) -> 0.0091743119 | F40: =IF(D40="X",0,1/(COUNTA($A$2:$A$110)-COUNTIF($D$2:$D$110,"X"))) -> 0.0095238095 | G40: =IF(D40="X",F40,IF('HSE Checklist'!D51="X",F40,-F40)) -> 0.0095238095
A41: 3_3 | B41: ='HSE Checklist'!B52 -> Estacionamento identificado e sinalizado | C41: 2 | D41: =IF('HSE Checklist'!F52<>"",'HSE Checklist'!F52,"") | E41: =1/COUNTA($A$2:$A$110) -> 0.0091743119 | F41: =IF(D41="X",0,1/(COUNTA($A$2:$A$110)-COUNTIF($D$2:$D$110,"X"))) -> 0.0095238095 | G41: =IF(D41="X",F41,IF('HSE Checklist'!D52="X",F41,-F41)) -> 0.0095238095
A42: 3_4 | B42: ='HSE Checklist'!B53 -> Limpeza do capim pelo interior da obra | C42: 2 | D42: =IF('HSE Checklist'!F53<>"",'HSE Checklist'!F53,"") | E42: =1/COUNTA($A$2:$A$110) -> 0.0091743119 | F42: =IF(D42="X",0,1/(COUNTA($A$2:$A$110)-COUNTIF($D$2:$D$110,"X"))) -> 0.0095238095 | G42: =IF(D42="X",F42,IF('HSE Checklist'!D53="X",F42,-F42)) -> 0.0095238095
A43: 3_5 | B43: ='HSE Checklist'!B54 -> Limpeza do capim pelo exterior da obra | C43: 2 | D43: =IF('HSE Checklist'!F54<>"",'HSE Checklist'!F54,"") | E43: =1/COUNTA($A$2:$A$110) -> 0.0091743119 | F43: =IF(D43="X",0,1/(COUNTA($A$2:$A$110)-COUNTIF($D$2:$D$110,"X"))) -> 0.0095238095 | G43: =IF(D43="X",F43,IF('HSE Checklist'!D54="X",F43,-F43)) -> 0.0095238095
A44: 3_6 | B44: ='HSE Checklist'!B55 -> Plano de controlo de pragas aprovado e implementado | C44: 3 | D44: =IF('HSE Checklist'!F55<>"",'HSE Checklist'!F55,"") | E44: =1/COUNTA($A$2:$A$110) -> 0.0091743119 | F44: =IF(D44="X",0,1/(COUNTA($A$2:$A$110)-COUNTIF($D$2:$D$110,"X"))) -> 0.0095238095 | G44: =IF(D44="X",F44,IF('HSE Checklist'!D55="X",F44,-F44)) -> 0.0095238095
A45: 3_7 | B45: ='HSE Checklist'!B56 -> Limpeza dos escritórios com respectivo registo | C45: 1 | D45: =IF('HSE Checklist'!F56<>"",'HSE Checklist'!F56,"") | E45: =1/COUNTA($A$2:$A$110) -> 0.0091743119 | F45: =IF(D45="X",0,1/(COUNTA($A$2:$A$110)-COUNTIF($D$2:$D$110,"X"))) -> 0.0095238095 | G45: =IF(D45="X",F45,IF('HSE Checklist'!D56="X",F45,-F45)) -> 0.0095238095
A46: 3_8 | B46: ='HSE Checklist'!B57 -> Pára-raios | C46: 3 | D46: =IF('HSE Checklist'!F57<>"",'HSE Checklist'!F57,"") | E46: =1/COUNTA($A$2:$A$110) -> 0.0091743119 | F46: =IF(D46="X",0,1/(COUNTA($A$2:$A$110)-COUNTIF($D$2:$D$110,"X"))) -> 0.0095238095 | G46: =IF(D46="X",F46,IF('HSE Checklist'!D57="X",F46,-F46)) -> 0.0095238095
A47: 3_9 | B47: ='HSE Checklist'!B58 -> Vitrina de informação de Segurança | C47: 1 | D47: =IF('HSE Checklist'!F58<>"",'HSE Checklist'!F58,"") | E47: =1/COUNTA($A$2:$A$110) -> 0.0091743119 | F47: =IF(D47="X",0,1/(COUNTA($A$2:$A$110)-COUNTIF($D$2:$D$110,"X"))) -> 0.0095238095 | G47: =IF(D47="X",F47,IF('HSE Checklist'!D58="X",F47,-F47)) -> 0.0095238095
A48: 3_10 | B48: ='HSE Checklist'!B59 -> Identificação dos diferentes espaços de estaleiro (escritórios, ferramentarias, armazéns e estaleiros temporários) | C48: 1 | D48: =IF('HSE Checklist'!F59<>"",'HSE Checklist'!F59,"") | E48: =1/COUNTA($A$2:$A$110) -> 0.0091743119 | F48: =IF(D48="X",0,1/(COUNTA($A$2:$A$110)-COUNTIF($D$2:$D$110,"X"))) -> 0.0095238095 | G48: =IF(D48="X",F48,IF('HSE Checklist'!D59="X",F48,-F48)) -> 0.0095238095
A49: 3_11 | B49: ='HSE Checklist'!B60 -> Análises à potabilidade da água (2 em 2 meses) | C49: 2 | D49: =IF('HSE Checklist'!F60<>"",'HSE Checklist'!F60,"") | E49: =1/COUNTA($A$2:$A$110) -> 0.0091743119 | F49: =IF(D49="X",0,1/(COUNTA($A$2:$A$110)-COUNTIF($D$2:$D$110,"X"))) -> 0.0095238095 | G49: =IF(D49="X",F49,IF('HSE Checklist'!D60="X",F49,-F49)) -> 0.0095238095
A50: 3_12 | B50: ='HSE Checklist'!B61 -> Manutenção periódica do sistema de filtragem da água | C50: 1 | D50: =IF('HSE Checklist'!F61<>"",'HSE Checklist'!F61,"") | E50: =1/COUNTA($A$2:$A$110) -> 0.0091743119 | F50: =IF(D50="X",0,1/(COUNTA($A$2:$A$110)-COUNTIF($D$2:$D$110,"X"))) -> 0.0095238095 | G50: =IF(D50="X",F50,IF('HSE Checklist'!D61="X",F50,-F50)) -> 0.0095238095
... A62: 3_24 | B62: ='HSE Checklist'!B73 -> Vedação e cobertura do depósito de combustível e geradores | C62: 3 | D62: =IF('HSE Checklist'!F73<>"",'HSE Checklist'!F73,"") | E62: =1/COUNTA($A$2:$A$110) -> 0.0091743119 | F62: =IF(D62="X",0,1/(COUNTA($A$2:$A$110)-COUNTIF($D$2:$D$110,"X"))) -> 0.0095238095 | G62: =IF(D62="X",F62,IF('HSE Checklist'!D73="X",F62,-F62)) -> 0.0095238095
A63: 4_1 | B63: ='HSE Checklist'!B75 -> Criação das Equipas de Emergência com atribuição de autocolante respectivo (Brigadista, Socorrista e Equipas de Evacuação) | C63: 2 | D63: =IF('HSE Checklist'!F75<>"",'HSE Checklist'!F75,"") | E63: =1/COUNTA($A$2:$A$110) -> 0.0091743119 | F63: =IF(D63="X",0,1/(COUNTA($A$2:$A$110)-COUNTIF($D$2:$D$110,"X"))) -> 0.0095238095 | G63: =IF(D63="X",F63,IF('HSE Checklist'!D75="X",F63,-F63)) -> 0.0095238095
A64: 4_2 | B64: ='HSE Checklist'!B76 -> Instalação de sistema de alarme eficaz | C64: 2 | D64: =IF('HSE Checklist'!F76<>"",'HSE Checklist'!F76,"") | E64: =1/COUNTA($A$2:$A$110) -> 0.0091743119 | F64: =IF(D64="X",0,1/(COUNTA($A$2:$A$110)-COUNTIF($D$2:$D$110,"X"))) -> 0.0095238095 | G64: =IF(D64="X",F64,IF('HSE Checklist'!D76="X",F64,-F64)) -> 0.0095238095
A65: 4_3 | B65: ='HSE Checklist'!B77 -> Sinal de Ponto de Encontro | C65: 1 | D65: =IF('HSE Checklist'!F77<>"",'HSE Checklist'!F77,"") | E65: =1/COUNTA($A$2:$A$110) -> 0.0091743119 | F65: =IF(D65="X",0,1/(COUNTA($A$2:$A$110)-COUNTIF($D$2:$D$110,"X"))) -> 0.0095238095 | G65: =IF(D65="X",F65,IF('HSE Checklist'!D77="X",F65,-F65)) -> 0.0095238095
A66: 4_4 | B66: ='HSE Checklist'!B78 -> Realização de simulacro | C66: 3 | D66: =IF('HSE Checklist'!F78<>"",'HSE Checklist'!F78,"") | E66: =1/COUNTA($A$2:$A$110) -> 0.0091743119 | F66: =IF(D66="X",0,1/(COUNTA($A$2:$A$110)-COUNTIF($D$2:$D$110,"X"))) -> 0.0095238095 | G66: =IF(D66="X",F66,IF('HSE Checklist'!D78="X",F66,-F66)) -> 0.0095238095
A67: 4_8 | B67: ='HSE Checklist'!B79 -> Caixa de primeiros socorros – existência | C67: 1 | D67: =IF('HSE Checklist'!F79<>"",'HSE Checklist'!F79,"") | E67: =1/COUNTA($A$2:$A$110) -> 0.0091743119 | F67: =IF(D67="X",0,1/(COUNTA($A$2:$A$110)-COUNTIF($D$2:$D$110,"X"))) -> 0.0095238095 | G67: =IF(D67="X",F67,IF('HSE Checklist'!D79="X",F67,-F67)) -> 0.0095238095
A68: 4_9 | B68: ='HSE Checklist'!B80 -> Extintores – existência | C68: 1 | D68: =IF('HSE Checklist'!F80<>"",'HSE Checklist'!F80,"") | E68: =1/COUNTA($A$2:$A$110) -> 0.0091743119 | F68: =IF(D68="X",0,1/(COUNTA($A$2:$A$110)-COUNTIF($D$2:$D$110,"X"))) -> 0.0095238095 | G68: =IF(D68="X",F68,IF('HSE Checklist'!D80="X",F68,-F68)) -> -0.0095238095
A69: 4_10 | B69: ='HSE Checklist'!B81 -> Existência de sinalização de emergência | C69: 1 | D69: =IF('HSE Checklist'!F81<>"",'HSE Checklist'!F81,"") | E69: =1/COUNTA($A$2:$A$110) -> 0.0091743119 | F69: =IF(D69="X",0,1/(COUNTA($A$2:$A$110)-COUNTIF($D$2:$D$110,"X"))) -> 0.0095238095 | G69: =IF(D69="X",F69,IF('HSE Checklist'!D81="X",F69,-F69)) -> 0.0095238095
A70: 4_11 | B70: ='HSE Checklist'!B82 -> Existência de maca em obra | C70: 2 | D70: =IF('HSE Checklist'!F82<>"",'HSE Checklist'!F82,"") | E70: =1/COUNTA($A$2:$A$110) -> 0.0091743119 | F70: =IF(D70="X",0,1/(COUNTA($A$2:$A$110)-COUNTIF($D$2:$D$110,"X"))) -> 0.0095238095 | G70: =IF(D70="X",F70,IF('HSE Checklist'!D82="X",F70,-F70)) -> 0.0095238095
A71: 4_12 | B71: ='HSE Checklist'!B83 -> Contactos de emergência afixados e visíveis | C71: 1 | E71: =1/COUNTA($A$2:$A$110) -> 0.0091743119 | F71: =IF(D71="X",0,1/(COUNTA($A$2:$A$110)-COUNTIF($D$2:$D$110,"X"))) -> 0.0095238095 | G71: =IF(D71="X",F71,IF('HSE Checklist'!D83="X",F71,-F71)) -> 0.0095238095
A72: 4_13 | B72: ='HSE Checklist'!B84 -> Definição das clínicas e/ou hospitais para emergência | C72: 2 | E72: =1/COUNTA($A$2:$A$110) -> 0.0091743119 | F72: =IF(D72="X",0,1/(COUNTA($A$2:$A$110)-COUNTIF($D$2:$D$110,"X"))) -> 0.0095238095 | G72: =IF(D72="X",F72,IF('HSE Checklist'!D84="X",F72,-F72)) -> 0.0095238095
A73: 4_14 | B73: ='HSE Checklist'!B85 -> Existência de viatura disponível | C73: 2 | E73: =1/COUNTA($A$2:$A$110) -> 0.0091743119 | F73: =IF(D73="X",0,1/(COUNTA($A$2:$A$110)-COUNTIF($D$2:$D$110,"X"))) -> 0.0095238095 | G73: =IF(D73="X",F73,IF('HSE Checklist'!D85="X",F73,-F73)) -> 0.0095238095
A74: 5_1 | B74: ='HSE Checklist'!B87 -> Andaimes – inspecção inicial e semanal | C74: 2 | D74: =IF('HSE Checklist'!F87<>"",'HSE Checklist'!F87,"") | E74: =1/COUNTA($A$2:$A$110) -> 0.0091743119 | F74: =IF(D74="X",0,1/(COUNTA($A$2:$A$110)-COUNTIF($D$2:$D$110,"X"))) -> 0.0095238095 | G74: =IF(D74="X",F74,IF('HSE Checklist'!D87="X",F74,-F74)) -> 0.0095238095
A75: 5_2 | B75: ='HSE Checklist'!B88 -> Caixa de primeiros socorros – inspecção inicial e mensal | C75: 1 | D75: =IF('HSE Checklist'!F88<>"",'HSE Checklist'!F88,"") | E75: =1/COUNTA($A$2:$A$110) -> 0.0091743119 | F75: =IF(D75="X",0,1/(COUNTA($A$2:$A$110)-COUNTIF($D$2:$D$110,"X"))) -> 0.0095238095 | G75: =IF(D75="X",F75,IF('HSE Checklist'!D88="X",F75,-F75)) -> 0.0095238095
A76: 5_3 | B76: ='HSE Checklist'!B89 -> Extintores – inspecção inicial e mensal | C76: 1 | D76: =IF('HSE Checklist'!F89<>"",'HSE Checklist'!F89,"") | E76: =1/COUNTA($A$2:$A$110) -> 0.0091743119 | F76: =IF(D76="X",0,1/(COUNTA($A$2:$A$110)-COUNTIF($D$2:$D$110,"X"))) -> 0.0095238095 | G76: =IF(D76="X",F76,IF('HSE Checklist'!D89="X",F76,-F76)) -> 0.0095238095
A77: 5_4 | B77: ='HSE Checklist'!B90 -> Quadros eléctricos – inspecção inicial e mensal | C77: 1 | D77: =IF('HSE Checklist'!F90<>"",'HSE Checklist'!F90,"") | E77: =1/COUNTA($A$2:$A$110) -> 0.0091743119 | F77: =IF(D77="X",0,1/(COUNTA($A$2:$A$110)-COUNTIF($D$2:$D$110,"X"))) -> 0.0095238095 | G77: =IF(D77="X",F77,IF('HSE Checklist'!D90="X",F77,-F77)) -> 0.0095238095
A78: 5_5 | B78: ='HSE Checklist'!B91 -> Ferramentas e material eléctrico (código de cores) – inspecção inicial e mensal | C78: 2 | D78: =IF('HSE Checklist'!F91<>"",'HSE Checklist'!F91,"") | E78: =1/COUNTA($A$2:$A$110) -> 0.0091743119 | F78: =IF(D78="X",0,1/(COUNTA($A$2:$A$110)-COUNTIF($D$2:$D$110,"X"))) -> 0.0095238095 | G78: =IF(D78="X",F78,IF('HSE Checklist'!D91="X",F78,-F78)) -> 0.0095238095
A79: 5_6 | B79: ='HSE Checklist'!B92 -> Verificação dos equipamentos pesados | C79: 2 | D79: =IF('HSE Checklist'!F92<>"",'HSE Checklist'!F92,"") | E79: =1/COUNTA($A$2:$A$110) -> 0.0091743119 | F79: =IF(D79="X",0,1/(COUNTA($A$2:$A$110)-COUNTIF($D$2:$D$110,"X"))) -> 0.0095238095 | G79: =IF(D79="X",F79,IF('HSE Checklist'!D92="X",F79,-F79)) -> 0.0095238095
A80: 6_1 | B80: ='HSE Checklist'!B94 -> Área dos vestiários = 1,5 – (n.º de trabalhadores / 1000) | C80: 2 | D80: =IF('HSE Checklist'!F94<>"",'HSE Checklist'!F94,"") | E80: =1/COUNTA($A$2:$A$110) -> 0.0091743119 | F80: =IF(D80="X",0,1/(COUNTA($A$2:$A$110)-COUNTIF($D$2:$D$110,"X"))) -> 0.0095238095 | G80: =IF(D80="X",F80,IF('HSE Checklist'!D94="X",F80,-F80)) -> 0.0095238095
A81: 6_2 | B81: ='HSE Checklist'!B95 -> Cabides e bancos corridos em número suficiente | C81: 2 | D81: =IF('HSE Checklist'!F95<>"",'HSE Checklist'!F95,"") | E81: =1/COUNTA($A$2:$A$110) -> 0.0091743119 | F81: =IF(D81="X",0,1/(COUNTA($A$2:$A$110)-COUNTIF($D$2:$D$110,"X"))) -> 0.0095238095 | G81: =IF(D81="X",F81,IF('HSE Checklist'!D95="X",F81,-F81)) -> 0.0095238095
A82: 6_3 | B82: ='HSE Checklist'!B96 -> Chuveiros em número suficiente (1 por 20 trabalhadores) | C82: 2 | D82: =IF('HSE Checklist'!F96<>"",'HSE Checklist'!F96,"") | E82: =1/COUNTA($A$2:$A$110) -> 0.0091743119 | F82: =IF(D82="X",0,1/(COUNTA($A$2:$A$110)-COUNTIF($D$2:$D$110,"X"))) -> 0.0095238095 | G82: =IF(D82="X",F82,IF('HSE Checklist'!D96="X",F82,-F82)) -> 0.0095238095
A83: 6_4 | B83: ='HSE Checklist'!B97 -> Sanitas em número suficiente (1 por cada 25 trabalhadores) | C83: 2 | D83: =IF('HSE Checklist'!F97<>"",'HSE Checklist'!F97,"") | E83: =1/COUNTA($A$2:$A$110) -> 0.0091743119 | F83: =IF(D83="X",0,1/(COUNTA($A$2:$A$110)-COUNTIF($D$2:$D$110,"X"))) -> 0.0095238095 | G83: =IF(D83="X",F83,IF('HSE Checklist'!D97="X",F83,-F83)) -> 0.0095238095
A84: 6_5 | B84: ='HSE Checklist'!B98 -> Lavatórios em número suficiente (1 por cada 20 trabalhadores) | C84: 2 | D84: =IF('HSE Checklist'!F98<>"",'HSE Checklist'!F98,"") | E84: =1/COUNTA($A$2:$A$110) -> 0.0091743119 | F84: =IF(D84="X",0,1/(COUNTA($A$2:$A$110)-COUNTIF($D$2:$D$110,"X"))) -> 0.0095238095 | G84: =IF(D84="X",F84,IF('HSE Checklist'!D98="X",F84,-F84)) -> 0.0095238095
A85: 6_6 | B85: ='HSE Checklist'!B99 -> Refeitório com capacidade para a totalidade de trabalhadores que almoçam em obra | C85: 1 | D85: =IF('HSE Checklist'!F99<>"",'HSE Checklist'!F99,"") | E85: =1/COUNTA($A$2:$A$110) -> 0.0091743119 | F85: =IF(D85="X",0,1/(COUNTA($A$2:$A$110)-COUNTIF($D$2:$D$110,"X"))) -> 0.0095238095 | G85: =IF(D85="X",F85,IF('HSE Checklist'!D99="X",F85,-F85)) -> 0.0095238095
A86: 6_7 | B86: ='HSE Checklist'!B100 -> Mesas do refeitório forradas com material plástico | C86: 1 | D86: =IF('HSE Checklist'!F100<>"",'HSE Checklist'!F100,"") | E86: =1/COUNTA($A$2:$A$110) -> 0.0091743119 | F86: =IF(D86="X",0,1/(COUNTA($A$2:$A$110)-COUNTIF($D$2:$D$110,"X"))) -> 0.0095238095 | G86: =IF(D86="X",F86,IF('HSE Checklist'!D100="X",F86,-F86)) -> 0.0095238095
A87: 6_8 | B87: ='HSE Checklist'!B101 -> Identificação das instalações sociais | C87: 1 | D87: =IF('HSE Checklist'!F101<>"",'HSE Checklist'!F101,"") | E87: =1/COUNTA($A$2:$A$110) -> 0.0091743119 | F87: =IF(D87="X",0,1/(COUNTA($A$2:$A$110)-COUNTIF($D$2:$D$110,"X"))) -> 0.0095238095 | G87: =IF(D87="X",F87,IF('HSE Checklist'!D101="X",F87,-F87)) -> 0.0095238095
A88: 6_9 | B88: ='HSE Checklist'!B102 -> Limpeza das instalações sociais com respectivo registo | C88: 1 | D88: =IF('HSE Checklist'!F102<>"",'HSE Checklist'!F102,"") | E88: =1/COUNTA($A$2:$A$110) -> 0.0091743119 | F88: =IF(D88="X",0,1/(COUNTA($A$2:$A$110)-COUNTIF($D$2:$D$110,"X"))) -> 0.0095238095 | G88: =IF(D88="X",F88,IF('HSE Checklist'!D102="X",F88,-F88)) -> 0.0095238095
A89: 7_1 | B89: ='HSE Checklist'!B104 -> Limpeza e arrumação das frentes de obra | C89: 2 | D89: =IF('HSE Checklist'!F104<>"",'HSE Checklist'!F104,"") | E89: =1/COUNTA($A$2:$A$110) -> 0.0091743119 | F89: =IF(D89="X",0,1/(COUNTA($A$2:$A$110)-COUNTIF($D$2:$D$110,"X"))) -> 0.0095238095 | G89: =IF(D89="X",F89,IF('HSE Checklist'!D104="X",F89,-F89)) -> 0.0095238095
A90: 7_2 | B90: ='HSE Checklist'!B105 -> Utilização de EPIs obrigatórios | C90: 1 | D90: =IF('HSE Checklist'!F105<>"",'HSE Checklist'!F105,"") | E90: =1/COUNTA($A$2:$A$110) -> 0.0091743119 | F90: =IF(D90="X",0,1/(COUNTA($A$2:$A$110)-COUNTIF($D$2:$D$110,"X"))) -> 0.0095238095 | G90: =IF(D90="X",F90,IF('HSE Checklist'!D105="X",F90,-F90)) -> 0.0095238095
A91: 7_3 | B91: ='HSE Checklist'!B106 -> Utilização de EPIs pontuais | C91: 1 | D91: =IF('HSE Checklist'!F106<>"",'HSE Checklist'!F106,"") | E91: =1/COUNTA($A$2:$A$110) -> 0.0091743119 | F91: =IF(D91="X",0,1/(COUNTA($A$2:$A$110)-COUNTIF($D$2:$D$110,"X"))) -> 0.0095238095 | G91: =IF(D91="X",F91,IF('HSE Checklist'!D106="X",F91,-F91)) -> 0.0095238095
A92: 7_4 | B92: ='HSE Checklist'!B107 -> Protecção colectiva (escadas, lajes, negativos, escavações, etc) | C92: 1 | D92: =IF('HSE Checklist'!F107<>"",'HSE Checklist'!F107,"") | E92: =1/COUNTA($A$2:$A$110) -> 0.0091743119 | F92: =IF(D92="X",0,1/(COUNTA($A$2:$A$110)-COUNTIF($D$2:$D$110,"X"))) -> 0.0095238095 | G92: =IF(D92="X",F92,IF('HSE Checklist'!D107="X",F92,-F92)) -> 0.0095238095
A93: 7_5 | B93: ='HSE Checklist'!B108 -> Andaimes interiores | C93: 2 | D93: =IF('HSE Checklist'!F108<>"",'HSE Checklist'!F108,"") | E93: =1/COUNTA($A$2:$A$110) -> 0.0091743119 | F93: =IF(D93="X",0,1/(COUNTA($A$2:$A$110)-COUNTIF($D$2:$D$110,"X"))) -> 0.0095238095 | G93: =IF(D93="X",F93,IF('HSE Checklist'!D108="X",F93,-F93)) -> 0.0095238095
A94: 7_6 | B94: ='HSE Checklist'!B109 -> Iluminação das frentes de obra | C94: 2 | D94: =IF('HSE Checklist'!F109<>"",'HSE Checklist'!F109,"") | E94: =1/COUNTA($A$2:$A$110) -> 0.0091743119 | F94: =IF(D94="X",0,1/(COUNTA($A$2:$A$110)-COUNTIF($D$2:$D$110,"X"))) -> 0.0095238095 | G94: =IF(D94="X",F94,IF('HSE Checklist'!D109="X",F94,-F94)) -> 0.0095238095
A95: 7_7 | B95: ='HSE Checklist'!B110 -> Ensaio de linha de vida | C95: 2 | D95: =IF('HSE Checklist'!F110<>"",'HSE Checklist'!F110,"") | E95: =1/COUNTA($A$2:$A$110) -> 0.0091743119 | F95: =IF(D95="X",0,1/(COUNTA($A$2:$A$110)-COUNTIF($D$2:$D$110,"X"))) -> 0.0095238095 | G95: =IF(D95="X",F95,IF('HSE Checklist'!D110="X",F95,-F95)) -> 0.0095238095
A96: 7_8 | B96: ='HSE Checklist'!B111 -> Identificação das frentes de obra (estaleiros temporários, escadas, blocos, pisos, etc) | C96: 1 | D96: =IF('HSE Checklist'!F111<>"",'HSE Checklist'!F111,"") | E96: =1/COUNTA($A$2:$A$110) -> 0.0091743119 | F96: =IF(D96="X",0,1/(COUNTA($A$2:$A$110)-COUNTIF($D$2:$D$110,"X"))) -> 0.0095238095 | G96: =IF(D96="X",F96,IF('HSE Checklist'!D111="X",F96,-F96)) -> 0.0095238095
A97: 8_1 | B97: ='HSE Checklist'!B113 -> Nível de separação e organização da zona de armazenamento de resíduos | C97: 2 | D97: =IF('HSE Checklist'!F113<>"",'HSE Checklist'!F113,"") | E97: =1/COUNTA($A$2:$A$110) -> 0.0091743119 | F97: =IF(D97="X",0,1/(COUNTA($A$2:$A$110)-COUNTIF($D$2:$D$110,"X"))) -> 0.0095238095 | G97: =IF(D97="X",F97,IF('HSE Checklist'!D113="X",F97,-F97)) -> 0.0095238095
A98: 8_2 | B98: ='HSE Checklist'!B114 -> Existência de caixotes do lixo e limpeza atempada dos mesmos | C98: 1 | D98: =IF('HSE Checklist'!F114<>"",'HSE Checklist'!F114,"") | E98: =1/COUNTA($A$2:$A$110) -> 0.0091743119 | F98: =IF(D98="X",0,1/(COUNTA($A$2:$A$110)-COUNTIF($D$2:$D$110,"X"))) -> 0.0095238095 | G98: =IF(D98="X",F98,IF('HSE Checklist'!D114="X",F98,-F98)) -> 0.0095238095
A99: 8_3 | B99: ='HSE Checklist'!B115 -> Monitorização de consumos ambientais | C99: 1 | D99: =IF('HSE Checklist'!F115<>"",'HSE Checklist'!F115,"") | E99: =1/COUNTA($A$2:$A$110) -> 0.0091743119 | F99: =IF(D99="X",0,1/(COUNTA($A$2:$A$110)-COUNTIF($D$2:$D$110,"X"))) -> 0.0095238095 | G99: =IF(D99="X",F99,IF('HSE Checklist'!D115="X",F99,-F99)) -> 0.0095238095
A100: 8_4 | B100: ='HSE Checklist'!B116 -> Monitorização da produção de resíduos | C100: 1 | D100: =IF('HSE Checklist'!F116<>"",'HSE Checklist'!F116,"") | E100: =1/COUNTA($A$2:$A$110) -> 0.0091743119 | F100: =IF(D100="X",0,1/(COUNTA($A$2:$A$110)-COUNTIF($D$2:$D$110,"X"))) -> 0.0095238095 | G100: =IF(D100="X",F100,IF('HSE Checklist'!D116="X",F100,-F100)) -> 0.0095238095
A101: 8_5 | B101: ='HSE Checklist'!B117 -> Monitorização trimestral de gases, partículas e ruído | C101: 2 | D101: =IF('HSE Checklist'!F117<>"",'HSE Checklist'!F117,"") | E101: =1/COUNTA($A$2:$A$110) -> 0.0091743119 | F101: =IF(D101="X",0,1/(COUNTA($A$2:$A$110)-COUNTIF($D$2:$D$110,"X"))) -> 0.0095238095 | G101: =IF(D101="X",F101,IF('HSE Checklist'!D117="X",F101,-F101)) -> 0.0095238095
A102: 8_6 | B102: ='HSE Checklist'!B118 -> Geradores e outros equipamentos com risco de derrame com bacia de retenção | C102: 2 | D102: =IF('HSE Checklist'!F118<>"",'HSE Checklist'!F118,"") | E102: =1/COUNTA($A$2:$A$110) -> 0.0091743119 | F102: =IF(D102="X",0,1/(COUNTA($A$2:$A$110)-COUNTIF($D$2:$D$110,"X"))) -> 0.0095238095 | G102: =IF(D102="X",F102,IF('HSE Checklist'!D118="X",F102,-F102)) -> 0.0095238095
A103: 8_6 | B103: ='HSE Checklist'!B119 -> Kit de contenção de derrames | C103: 2 | D103: =IF('HSE Checklist'!F119<>"",'HSE Checklist'!F119,"") | E103: =1/COUNTA($A$2:$A$110) -> 0.0091743119 | F103: =IF(D103="X",0,1/(COUNTA($A$2:$A$110)-COUNTIF($D$2:$D$110,"X"))) -> 0.0095238095 | G103: =IF(D103="X",F103,IF('HSE Checklist'!D119="X",F103,-F103)) -> 0.0095238095
A104: 8_7 | B104: ='HSE Checklist'!B120 -> Existência e manutenção de lava-rodados | C104: 3 | D104: =IF('HSE Checklist'!F120<>"",'HSE Checklist'!F120,"") | E104: =1/COUNTA($A$2:$A$110) -> 0.0091743119 | F104: =IF(D104="X",0,1/(COUNTA($A$2:$A$110)-COUNTIF($D$2:$D$110,"X"))) -> 0.0095238095 | G104: =IF(D104="X",F104,IF('HSE Checklist'!D120="X",F104,-F104)) -> 0.0095238095
A105: 8_8 | B105: ='HSE Checklist'!B121 -> Existência e manutenção da bacia de lavagem dos camiões de betão | C105: 3 | D105: =IF('HSE Checklist'!F118<>"",'HSE Checklist'!F118,"") | E105: =1/COUNTA($A$2:$A$110) -> 0.0091743119 | F105: =IF(D105="X",0,1/(COUNTA($A$2:$A$110)-COUNTIF($D$2:$D$110,"X"))) -> 0.0095238095 | G105: =IF(D105="X",F105,IF('HSE Checklist'!D121="X",F105,-F105)) -> 0.0095238095
A106: 8_9 | B106: ='HSE Checklist'!B122 -> Definição de empresa de gestão de resíduos perigosos | C106: 3 | D106: =IF('HSE Checklist'!F119<>"",'HSE Checklist'!F119,"") | E106: =1/COUNTA($A$2:$A$110) -> 0.0091743119 | F106: =IF(D106="X",0,1/(COUNTA($A$2:$A$110)-COUNTIF($D$2:$D$110,"X"))) -> 0.0095238095 | G106: =IF(D106="X",F106,IF('HSE Checklist'!D122="X",F106,-F106)) -> 0.0095238095
A107: 8_10 | B107: ='HSE Checklist'!B123 -> Definição de empresa de gestão de resíduos não perigosos | C107: 1 | D107: =IF('HSE Checklist'!F120<>"",'HSE Checklist'!F120,"") | E107: =1/COUNTA($A$2:$A$110) -> 0.0091743119 | F107: =IF(D107="X",0,1/(COUNTA($A$2:$A$110)-COUNTIF($D$2:$D$110,"X"))) -> 0.0095238095 | G107: =IF(D107="X",F107,IF('HSE Checklist'!D123="X",F107,-F107)) -> 0.0095238095
A108: 8_11 | B108: ='HSE Checklist'!B124 -> Definição de empresa de gestão de águas residuais | C108: 2 | D108: =IF('HSE Checklist'!F121<>"",'HSE Checklist'!F121,"") | E108: =1/COUNTA($A$2:$A$110) -> 0.0091743119 | F108: =IF(D108="X",0,1/(COUNTA($A$2:$A$110)-COUNTIF($D$2:$D$110,"X"))) -> 0.0095238095 | G108: =IF(D108="X",F108,IF('HSE Checklist'!D124="X",F108,-F108)) -> 0.0095238095
A109: 8_12 | B109: ='HSE Checklist'!B125 -> Ligação à rede pública de água | C109: 3 | D109: =IF('HSE Checklist'!F122<>"",'HSE Checklist'!F122,"") | E109: =1/COUNTA($A$2:$A$110) -> 0.0091743119 | F109: =IF(D109="X",0,1/(COUNTA($A$2:$A$110)-COUNTIF($D$2:$D$110,"X"))) -> 0.0095238095 | G109: =IF(D109="X",F109,IF('HSE Checklist'!D125="X",F109,-F109)) -> 0.0095238095
A110: 8_13 | B110: ='HSE Checklist'!B126 -> Ligação à rede pública de eletricidade | C110: 3 | D110: =IF('HSE Checklist'!F123<>"",'HSE Checklist'!F123,"") | E110: =1/COUNTA($A$2:$A$110) -> 0.0091743119 | F110: =IF(D110="X",0,1/(COUNTA($A$2:$A$110)-COUNTIF($D$2:$D$110,"X"))) -> 0.0095238095 | G110: =IF(D110="X",F110,IF('HSE Checklist'!D126="X",F110,-F110)) -> 0.0095238095
D111: Σ | E111: =SUM(E2:E110) -> 1 | F111: =SUM(F2:F110) -> 1 | G111: =IF(SUM(G2:G110)>=0,SUM(G2:G110),0) -> 0.98095238
G112: ='HSE Checklist'!G130 -> EXCELENTE

Sheet Pre_database
A1: Date | B1: Parent ID | C1: Parent Item | D1: ID | E1: Item | F1: Evaluation | G1: Total Evaluation (month)
A2: =Calc!$G$1 -> 45017 | B2: ='HSE Checklist'!$A$10 -> 1 | C2: ='HSE Checklist'!B10 -> Documentação / Procedimentos de obra | D2: 1_1 | E2: ='HSE Checklist'!B11 -> Manual HSE VAMED actualizado | F2: =VLOOKUP(D2,Calc!A2:G108,7,FALSE) -> 0.0095238095 | G2: =Calc!$G$112 -> EXCELENTE
A3: =Calc!$G$1 -> 45017 | B3: ='HSE Checklist'!$A$10 -> 1 | C3: =$C$2 -> Documentação / Procedimentos de obra | D3: 1_2 | E3: ='HSE Checklist'!B12 -> Licença de Obra (afixada) | F3: =VLOOKUP(D3,Calc!A3:G109,7,FALSE) -> 0.0095238095 | G3: =Calc!$G$112 -> EXCELENTE
A4: =Calc!$G$1 -> 45017 | B4: ='HSE Checklist'!$A$10 -> 1 | C4: =$C$2 -> Documentação / Procedimentos de obra | D4: 1_3 | E4: ='HSE Checklist'!B13 -> Plano de Segurança e Saúde aprovado | F4: =VLOOKUP(D4,Calc!A4:G110,7,FALSE) -> 0.0095238095 | G4: =Calc!$G$112 -> EXCELENTE
A5: =Calc!$G$1 -> 45017 | B5: ='HSE Checklist'!$A$10 -> 1 | C5: =$C$2 -> Documentação / Procedimentos de obra | D5: 1_4 | E5: ='HSE Checklist'!B14 -> Plano de Gestão Ambiental aprovado | F5: =VLOOKUP(D5,Calc!A5:G111,7,FALSE) -> 0.0095238095 | G5: =Calc!$G$112 -> EXCELENTE
A6: =Calc!$G$1 -> 45017 | B6: ='HSE Checklist'!$A$10 -> 1 | C6: =$C$2 -> Documentação / Procedimentos de obra | D6: 1_5 | E6: ='HSE Checklist'!B15 -> Plano de Gestão de Resíduos aprovado pela ANR | F6: =VLOOKUP(D6,Calc!A6:G112,7,FALSE) -> 0.0095238095 | G6: =Calc!$G$112 -> EXCELENTE
A7: =Calc!$G$1 -> 45017 | B7: ='HSE Checklist'!$A$10 -> 1 | C7: =$C$2 -> Documentação / Procedimentos de obra | D7: 1_6 | E7: ='HSE Checklist'!B16 -> Licença dos geradores | F7: =VLOOKUP(D7,Calc!A7:G114,7,FALSE) -> 0.0095238095 | G7: =Calc!$G$112 -> EXCELENTE
A8: =Calc!$G$1 -> 45017 | B8: ='HSE Checklist'!$A$10 -> 1 | C8: =$C$2 -> Documentação / Procedimentos de obra | D8: 1_7 | E8: ='HSE Checklist'!B17 -> Certificado dos Bombeiros | F8: =VLOOKUP(D8,Calc!A8:G115,7,FALSE) -> 0.0095238095 | G8: =Calc!$G$112 -> EXCELENTE
A9: =Calc!$G$1 -> 45017 | B9: ='HSE Checklist'!$A$10 -> 1 | C9: =$C$2 -> Documentação / Procedimentos de obra | D9: 1_8 | E9: ='HSE Checklist'!B18 -> Procedimentos de Segurança submetidos e aprovados para as actividades em curso | F9: =VLOOKUP(D9,Calc!A9:G116,7,FALSE) -> 0.0095238095 | G9: =Calc!$G$112 -> EXCELENTE
A10: =Calc!$G$1 -> 45017 | B10: ='HSE Checklist'!$A$10 -> 1 | C10: =$C$2 -> Documentação / Procedimentos de obra | D10: 1_9 | E10: ='HSE Checklist'!B19 -> Documentação dos trabalhadores (Documento de identificação, atestado médico, Entrega EPI, Certificado Aptidão) | F10: =VLOOKUP(D10,Calc!A10:G117,7,FALSE) -> 0.0095238095 | G10: =Calc!$G$112 -> EXCELENTE
A11: =Calc!$G$1 -> 45017 | B11: ='HSE Checklist'!$A$10 -> 1 | C11: =$C$2 -> Documentação / Procedimentos de obra | D11: 1_10 | E11: ='HSE Checklist'!B20 -> Documentação das empresas (Alvará, Seguro AT, Contribuinte e Seg. Social) | F11: =VLOOKUP(D11,Calc!A11:G118,7,FALSE) -> 0.0095238095 | G11: =Calc!$G$112 -> EXCELENTE
A12: =Calc!$G$1 -> 45017 | B12: ='HSE Checklist'!$A$10 -> 1 | C12: =$C$2 -> Documentação / Procedimentos de obra | D12: 1_11 | E12: ='HSE Checklist'!B21 -> Documentação dos equipamentos | F12: =VLOOKUP(D12,Calc!A12:G119,7,FALSE) -> 0.0095238095 | G12: =Calc!$G$112 -> EXCELENTE
A13: =Calc!$G$1 -> 45017 | B13: ='HSE Checklist'!$A$10 -> 1 | C13: =$C$2 -> Documentação / Procedimentos de obra | D13: 1_12 | E13: ='HSE Checklist'!B22 -> Indução com atribuição de autocolante | F13: =VLOOKUP(D13,Calc!A13:G120,7,FALSE) -> 0.0095238095 | G13: =Calc!$G$112 -> EXCELENTE
A14: =Calc!$G$1 -> 45017 | B14: ='HSE Checklist'!$A$10 -> 1 | C14: =$C$2 -> Documentação / Procedimentos de obra | D14: 1_13 | E14: ='HSE Checklist'!B23 -> Reunião semanal HSE implementada | F14: =VLOOKUP(D14,Calc!A14:G121,7,FALSE) -> 0.0095238095 | G14: =Calc!$G$112 -> EXCELENTE
A15: =Calc!$G$1 -> 45017 | B15: ='HSE Checklist'!$A$10 -> 1 | C15: =$C$2 -> Documentação / Procedimentos de obra | D15: 1_14 | E15: ='HSE Checklist'!B24 -> Relatório mensal implementado | F15: =VLOOKUP(D15,Calc!A15:G122,7,FALSE) -> 0.0095238095 | G15: =Calc!$G$112 -> EXCELENTE
A16: =Calc!$G$1 -> 45017 | B16: ='HSE Checklist'!$A$10 -> 1 | C16: =$C$2 -> Documentação / Procedimentos de obra | D16: 1_15 | E16: ='HSE Checklist'!B25 -> Quadro de sinistralidade | F16: =VLOOKUP(D16,Calc!A16:G123,7,FALSE) -> 0.0095238095 | G16: =Calc!$G$112 -> EXCELENTE
A17: =Calc!$G$1 -> 45017 | B17: ='HSE Checklist'!$A$10 -> 1 | C17: =$C$2 -> Documentação / Procedimentos de obra | D17: 1_16 | E17: ='HSE Checklist'!B26 -> Investigação de acidentes | F17: =VLOOKUP(D17,Calc!A17:G124,7,FALSE) -> 0 | G17: =Calc!$G$112 -> EXCELENTE
A18: =Calc!$G$1 -> 45017 | B18: ='HSE Checklist'!$A$10 -> 1 | C18: =$C$2 -> Documentação / Procedimentos de obra | D18: 1_17 | E18: ='HSE Checklist'!B27 -> Relatório trimestral (INGA) | F18: =VLOOKUP(D18,Calc!A18:G125,7,FALSE) -> 0.0095238095 | G18: =Calc!$G$112 -> EXCELENTE
... A33: =Calc!$G$1 -> 45017 | B33: ='HSE Checklist'!$A$10 -> 1 | C33: =$C$2 -> Documentação / Procedimentos de obra | D33: 1_32 | E33: ='HSE Checklist'!B42 -> Plano de gestao de tráfego atualizado | F33: =VLOOKUP(D33,Calc!A33:G140,7,FALSE) -> 0.0095238095 | G33: =Calc!$G$112 -> EXCELENTE
A34: =Calc!$G$1 -> 45017 | B34: ='HSE Checklist'!$A$43 -> 2 | C34: ='HSE Checklist'!B43 -> Plano de imagem | D34: 2_1 | E34: ='HSE Checklist'!B44 -> Placa de obra (instalação e estado de conservação) | F34: =VLOOKUP(D34,Calc!A34:G141,7,FALSE) -> 0.0095238095 | G34: =Calc!$G$112 -> EXCELENTE
A35: =Calc!$G$1 -> 45017 | B35: ='HSE Checklist'!$A$43 -> 2 | C35: =$C$34 -> Plano de imagem | D35: 2_2 | E35: ='HSE Checklist'!B45 -> Lonas VAMED (instalação e estado de conservação) | F35: =VLOOKUP(D35,Calc!A35:G142,7,FALSE) -> 0.0095238095 | G35: =Calc!$G$112 -> EXCELENTE
A36: =Calc!$G$1 -> 45017 | B36: ='HSE Checklist'!$A$43 -> 2 | C36: =$C$34 -> Plano de imagem | D36: 2_3 | E36: ='HSE Checklist'!B46 -> PVC de tapume (20m em 20m – instalação e estado de conservação) | F36: =VLOOKUP(D36,Calc!A36:G143,7,FALSE) -> 0.0095238095 | G36: =Calc!$G$112 -> EXCELENTE
A37: =Calc!$G$1 -> 45017 | B37: ='HSE Checklist'!$A$43 -> 2 | C37: =$C$34 -> Plano de imagem | D37: 2_4 | E37: ='HSE Checklist'!B47 -> Mastros + bandeiras (instalação e estado de conservação) | F37: =VLOOKUP(D37,Calc!A37:G144,7,FALSE) -> 0.0095238095 | G37: =Calc!$G$112 -> EXCELENTE
A38: =Calc!$G$1 -> 45017 | B38: ='HSE Checklist'!$A$43 -> 2 | C38: =$C$34 -> Plano de imagem | D38: 2_5 | E38: ='HSE Checklist'!B48 -> Sinalização de Entrada de Obra (instalação e estado de conservação) | F38: =VLOOKUP(D38,Calc!A38:G145,7,FALSE) -> 0.0095238095 | G38: =Calc!$G$112 -> EXCELENTE
A39: =Calc!$G$1 -> 45017 | B39: 3 | C39: ='HSE Checklist'!B49 -> Estaleiro (Geral) | D39: 3_1 | E39: ='HSE Checklist'!B50 -> Controlo de acessos implementado | F39: =VLOOKUP(D39,Calc!A39:G146,7,FALSE) -> 0.0095238095 | G39: =Calc!$G$112 -> EXCELENTE
A40: =Calc!$G$1 -> 45017 | B40: 3 | C40: =$C$39 -> Estaleiro (Geral) | D40: 3_2 | E40: ='HSE Checklist'!B51 -> Sinal de Proibição de Circulação a mais de 20 Km/h | F40: =VLOOKUP(D40,Calc!A40:G147,7,FALSE) -> 0.0095238095 | G40: =Calc!$G$112 -> EXCELENTE
A41: =Calc!$G$1 -> 45017 | B41: 3 | C41: =$C$39 -> Estaleiro (Geral) | D41: 3_3 | E41: ='HSE Checklist'!B52 -> Estacionamento identificado e sinalizado | F41: =VLOOKUP(D41,Calc!A41:G148,7,FALSE) -> 0.0095238095 | G41: =Calc!$G$112 -> EXCELENTE
A42: =Calc!$G$1 -> 45017 | B42: 3 | C42: =$C$39 -> Estaleiro (Geral) | D42: 3_4 | E42: ='HSE Checklist'!B53 -> Limpeza do capim pelo interior da obra | F42: =VLOOKUP(D42,Calc!A42:G149,7,FALSE) -> 0.0095238095 | G42: =Calc!$G$112 -> EXCELENTE
A43: =Calc!$G$1 -> 45017 | B43: 3 | C43: =$C$39 -> Estaleiro (Geral) | D43: 3_5 | E43: ='HSE Checklist'!B54 -> Limpeza do capim pelo exterior da obra | F43: =VLOOKUP(D43,Calc!A43:G150,7,FALSE) -> 0.0095238095 | G43: =Calc!$G$112 -> EXCELENTE
A44: =Calc!$G$1 -> 45017 | B44: 3 | C44: =$C$39 -> Estaleiro (Geral) | D44: 3_6 | E44: ='HSE Checklist'!B55 -> Plano de controlo de pragas aprovado e implementado | F44: =VLOOKUP(D44,Calc!A44:G151,7,FALSE) -> 0.0095238095 | G44: =Calc!$G$112 -> EXCELENTE
A45: =Calc!$G$1 -> 45017 | B45: 3 | C45: =$C$39 -> Estaleiro (Geral) | D45: 3_7 | E45: ='HSE Checklist'!B56 -> Limpeza dos escritórios com respectivo registo | F45: =VLOOKUP(D45,Calc!A45:G152,7,FALSE) -> 0.0095238095 | G45: =Calc!$G$112 -> EXCELENTE
A46: =Calc!$G$1 -> 45017 | B46: 3 | C46: =$C$39 -> Estaleiro (Geral) | D46: 3_8 | E46: ='HSE Checklist'!B57 -> Pára-raios | F46: =VLOOKUP(D46,Calc!A46:G153,7,FALSE) -> 0.0095238095 | G46: =Calc!$G$112 -> EXCELENTE
A47: =Calc!$G$1 -> 45017 | B47: 3 | C47: =$C$39 -> Estaleiro (Geral) | D47: 3_9 | E47: ='HSE Checklist'!B58 -> Vitrina de informação de Segurança | F47: =VLOOKUP(D47,Calc!A47:G154,7,FALSE) -> 0.0095238095 | G47: =Calc!$G$112 -> EXCELENTE
A48: =Calc!$G$1 -> 45017 | B48: 3 | C48: =$C$39 -> Estaleiro (Geral) | D48: 3_10 | E48: ='HSE Checklist'!B59 -> Identificação dos diferentes espaços de estaleiro (escritórios, ferramentarias, armazéns e estaleiros temporários) | F48: =VLOOKUP(D48,Calc!A48:G155,7,FALSE) -> 0.0095238095 | G48: =Calc!$G$112 -> EXCELENTE
A49: =Calc!$G$1 -> 45017 | B49: 3 | C49: =$C$39 -> Estaleiro (Geral) | D49: 3_11 | E49: ='HSE Checklist'!B60 -> Análises à potabilidade da água (2 em 2 meses) | F49: =VLOOKUP(D49,Calc!A49:G156,7,FALSE) -> 0.0095238095 | G49: =Calc!$G$112 -> EXCELENTE
A50: =Calc!$G$1 -> 45017 | B50: 3 | C50: =$C$39 -> Estaleiro (Geral) | D50: 3_12 | E50: ='HSE Checklist'!B61 -> Manutenção periódica do sistema de filtragem da água | F50: =VLOOKUP(D50,Calc!A50:G157,7,FALSE) -> 0.0095238095 | G50: =Calc!$G$112 -> EXCELENTE
A51: =Calc!$G$1 -> 45017 | B51: 3 | C51: =$C$39 -> Estaleiro (Geral) | D51: 3_13 | E51: ='HSE Checklist'!B62 -> Sinalização da água potável | F51: =VLOOKUP(D51,Calc!A51:G158,7,FALSE) -> 0.0095238095 | G51: =Calc!$G$112 -> EXCELENTE
... A62: =Calc!$G$1 -> 45017 | B62: 3 | C62: =$C$39 -> Estaleiro (Geral) | D62: 3_24 | E62: ='HSE Checklist'!B73 -> Vedação e cobertura do depósito de combustível e geradores | F62: =VLOOKUP(D62,Calc!A62:G169,7,FALSE) -> 0.0095238095 | G62: =Calc!$G$112 -> EXCELENTE
A63: =Calc!$G$1 -> 45017 | B63: 4 | C63: ='HSE Checklist'!B74 -> Emergência | D63: 4_1 | E63: ='HSE Checklist'!B75 -> Criação das Equipas de Emergência com atribuição de autocolante respectivo (Brigadista, Socorrista e Equipas de Evacuação) | F63: =VLOOKUP(D63,Calc!A63:G170,7,FALSE) -> 0.0095238095 | G63: =Calc!$G$112 -> EXCELENTE
A64: =Calc!$G$1 -> 45017 | B64: 4 | C64: =$C$63 -> Emergência | D64: 4_2 | E64: ='HSE Checklist'!B76 -> Instalação de sistema de alarme eficaz | F64: =VLOOKUP(D64,Calc!A64:G171,7,FALSE) -> 0.0095238095 | G64: =Calc!$G$112 -> EXCELENTE
A65: =Calc!$G$1 -> 45017 | B65: 4 | C65: =$C$63 -> Emergência | D65: 4_3 | E65: ='HSE Checklist'!B77 -> Sinal de Ponto de Encontro | F65: =VLOOKUP(D65,Calc!A65:G172,7,FALSE) -> 0.0095238095 | G65: =Calc!$G$112 -> EXCELENTE
A66: =Calc!$G$1 -> 45017 | B66: 4 | C66: =$C$63 -> Emergência | D66: 4_4 | E66: ='HSE Checklist'!B78 -> Realização de simulacro | F66: =VLOOKUP(D66,Calc!A66:G173,7,FALSE) -> 0.0095238095 | G66: =Calc!$G$112 -> EXCELENTE
A67: =Calc!$G$1 -> 45017 | B67: 4 | C67: =$C$63 -> Emergência | D67: 4_8 | E67: ='HSE Checklist'!B79 -> Caixa de primeiros socorros – existência | F67: =VLOOKUP(D67,Calc!A67:G174,7,FALSE) -> 0.0095238095 | G67: =Calc!$G$112 -> EXCELENTE
A68: =Calc!$G$1 -> 45017 | B68: 4 | C68: =$C$63 -> Emergência | D68: 4_9 | E68: ='HSE Checklist'!B80 -> Extintores – existência | F68: =VLOOKUP(D68,Calc!A68:G175,7,FALSE) -> -0.0095238095 | G68: =Calc!$G$112 -> EXCELENTE
A69: =Calc!$G$1 -> 45017 | B69: 4 | C69: =$C$63 -> Emergência | D69: 4_10 | E69: ='HSE Checklist'!B81 -> Existência de sinalização de emergência | F69: =VLOOKUP(D69,Calc!A69:G176,7,FALSE) -> 0.0095238095 | G69: =Calc!$G$112 -> EXCELENTE
A70: =Calc!$G$1 -> 45017 | B70: 4 | C70: =$C$63 -> Emergência | D70: 4_11 | E70: ='HSE Checklist'!B82 -> Existência de maca em obra | F70: =VLOOKUP(D70,Calc!A70:G177,7,FALSE) -> 0.0095238095 | G70: =Calc!$G$112 -> EXCELENTE
A71: =Calc!$G$1 -> 45017 | B71: 4 | C71: =$C$63 -> Emergência | D71: 4_12 | E71: ='HSE Checklist'!B83 -> Contactos de emergência afixados e visíveis | F71: =VLOOKUP(D71,Calc!A71:G178,7,FALSE) -> 0.0095238095 | G71: =Calc!$G$112 -> EXCELENTE
A72: =Calc!$G$1 -> 45017 | B72: 4 | C72: =$C$63 -> Emergência | D72: 4_13 | E72: ='HSE Checklist'!B84 -> Definição das clínicas e/ou hospitais para emergência | F72: =VLOOKUP(D72,Calc!A72:G179,7,FALSE) -> 0.0095238095 | G72: =Calc!$G$112 -> EXCELENTE
A73: =Calc!$G$1 -> 45017 | B73: 4 | C73: =$C$63 -> Emergência | D73: 4_14 | E73: ='HSE Checklist'!B85 -> Existência de viatura disponível | F73: =VLOOKUP(D73,Calc!A73:G180,7,FALSE) -> 0.0095238095 | G73: =Calc!$G$112 -> EXCELENTE
A74: =Calc!$G$1 -> 45017 | B74: 5 | C74: ='HSE Checklist'!B86 -> Inspecções | D74: 5_1 | E74: ='HSE Checklist'!B87 -> Andaimes – inspecção inicial e semanal | F74: =VLOOKUP(D74,Calc!A74:G181,7,FALSE) -> 0.0095238095 | G74: =Calc!$G$112 -> EXCELENTE
A75: =Calc!$G$1 -> 45017 | B75: 5 | C75: =$C$74 -> Inspecções | D75: 5_2 | E75: ='HSE Checklist'!B88 -> Caixa de primeiros socorros – inspecção inicial e mensal | F75: =VLOOKUP(D75,Calc!A75:G182,7,FALSE) -> 0.0095238095 | G75: =Calc!$G$112 -> EXCELENTE
A76: =Calc!$G$1 -> 45017 | B76: 5 | C76: =$C$74 -> Inspecções | D76: 5_3 | E76: ='HSE Checklist'!B89 -> Extintores – inspecção inicial e mensal | F76: =VLOOKUP(D76,Calc!A76:G183,7,FALSE) -> 0.0095238095 | G76: =Calc!$G$112 -> EXCELENTE
A77: =Calc!$G$1 -> 45017 | B77: 5 | C77: =$C$74 -> Inspecções | D77: 5_4 | E77: ='HSE Checklist'!B90 -> Quadros eléctricos – inspecção inicial e mensal | F77: =VLOOKUP(D77,Calc!A77:G184,7,FALSE) -> 0.0095238095 | G77: =Calc!$G$112 -> EXCELENTE
A78: =Calc!$G$1 -> 45017 | B78: 5 | C78: =$C$74 -> Inspecções | D78: 5_5 | E78: ='HSE Checklist'!B91 -> Ferramentas e material eléctrico (código de cores) – inspecção inicial e mensal | F78: =VLOOKUP(D78,Calc!A78:G185,7,FALSE) -> 0.0095238095 | G78: =Calc!$G$112 -> EXCELENTE
A79: =Calc!$G$1 -> 45017 | B79: 5 | C79: =$C$74 -> Inspecções | D79: 5_6 | E79: ='HSE Checklist'!B92 -> Verificação dos equipamentos pesados | F79: =VLOOKUP(D79,Calc!A79:G186,7,FALSE) -> 0.0095238095 | G79: =Calc!$G$112 -> EXCELENTE
A80: =Calc!$G$1 -> 45017 | B80: 6 | C80: ='HSE Checklist'!B93 -> Instalações Sociais | D80: 6_1 | E80: ='HSE Checklist'!B94 -> Área dos vestiários = 1,5 – (n.º de trabalhadores / 1000) | F80: =VLOOKUP(D80,Calc!A80:G187,7,FALSE) -> 0.0095238095 | G80: =Calc!$G$112 -> EXCELENTE
A81: =Calc!$G$1 -> 45017 | B81: 6 | C81: =$C$80 -> Instalações Sociais | D81: 6_2 | E81: ='HSE Checklist'!B95 -> Cabides e bancos corridos em número suficiente | F81: =VLOOKUP(D81,Calc!A81:G188,7,FALSE) -> 0.0095238095 | G81: =Calc!$G$112 -> EXCELENTE
A82: =Calc!$G$1 -> 45017 | B82: 6 | C82: =$C$80 -> Instalações Sociais | D82: 6_3 | E82: ='HSE Checklist'!B96 -> Chuveiros em número suficiente (1 por 20 trabalhadores) | F82: =VLOOKUP(D82,Calc!A82:G189,7,FALSE) -> 0.0095238095 | G82: =Calc!$G$112 -> EXCELENTE
A83: =Calc!$G$1 -> 45017 | B83: 6 | C83: =$C$80 -> Instalações Sociais | D83: 6_4 | E83: ='HSE Checklist'!B97 -> Sanitas em número suficiente (1 por cada 25 trabalhadores) | F83: =VLOOKUP(D83,Calc!A83:G190,7,FALSE) -> 0.0095238095 | G83: =Calc!$G$112 -> EXCELENTE
A84: =Calc!$G$1 -> 45017 | B84: 6 | C84: =$C$80 -> Instalações Sociais | D84: 6_5 | E84: ='HSE Checklist'!B98 -> Lavatórios em número suficiente (1 por cada 20 trabalhadores) | F84: =VLOOKUP(D84,Calc!A84:G191,7,FALSE) -> 0.0095238095 | G84: =Calc!$G$112 -> EXCELENTE
A85: =Calc!$G$1 -> 45017 | B85: 6 | C85: =$C$80 -> Instalações Sociais | D85: 6_6 | E85: ='HSE Checklist'!B99 -> Refeitório com capacidade para a totalidade de trabalhadores que almoçam em obra | F85: =VLOOKUP(D85,Calc!A85:G192,7,FALSE) -> 0.0095238095 | G85: =Calc!$G$112 -> EXCELENTE
A86: =Calc!$G$1 -> 45017 | B86: 6 | C86: =$C$80 -> Instalações Sociais | D86: 6_7 | E86: ='HSE Checklist'!B100 -> Mesas do refeitório forradas com material plástico | F86: =VLOOKUP(D86,Calc!A86:G193,7,FALSE) -> 0.0095238095 | G86: =Calc!$G$112 -> EXCELENTE
A87: =Calc!$G$1 -> 45017 | B87: 6 | C87: =$C$80 -> Instalações Sociais | D87: 6_8 | E87: ='HSE Checklist'!B101 -> Identificação das instalações sociais | F87: =VLOOKUP(D87,Calc!A87:G194,7,FALSE) -> 0.0095238095 | G87: =Calc!$G$112 -> EXCELENTE
A88: =Calc!$G$1 -> 45017 | B88: 6 | C88: =$C$80 -> Instalações Sociais | D88: 6_9 | E88: ='HSE Checklist'!B102 -> Limpeza das instalações sociais com respectivo registo | F88: =VLOOKUP(D88,Calc!A88:G195,7,FALSE) -> 0.0095238095 | G88: =Calc!$G$112 -> EXCELENTE
A89: =Calc!$G$1 -> 45017 | B89: 7 | C89: ='HSE Checklist'!$B$103 -> Frentes de Obra | D89: 7_1 | E89: ='HSE Checklist'!B104 -> Limpeza e arrumação das frentes de obra | F89: =VLOOKUP(D89,Calc!A89:G196,7,FALSE) -> 0.0095238095 | G89: =Calc!$G$112 -> EXCELENTE
A90: =Calc!$G$1 -> 45017 | B90: 7 | C90: ='HSE Checklist'!$B$103 -> Frentes de Obra | D90: 7_2 | E90: ='HSE Checklist'!B105 -> Utilização de EPIs obrigatórios | F90: =VLOOKUP(D90,Calc!A90:G197,7,FALSE) -> 0.0095238095 | G90: =Calc!$G$112 -> EXCELENTE
A91: =Calc!$G$1 -> 45017 | B91: 7 | C91: ='HSE Checklist'!$B$103 -> Frentes de Obra | D91: 7_3 | E91: ='HSE Checklist'!B106 -> Utilização de EPIs pontuais | F91: =VLOOKUP(D91,Calc!A91:G198,7,FALSE) -> 0.0095238095 | G91: =Calc!$G$112 -> EXCELENTE
A92: =Calc!$G$1 -> 45017 | B92: 7 | C92: ='HSE Checklist'!$B$103 -> Frentes de Obra | D92: 7_4 | E92: ='HSE Checklist'!B107 -> Protecção colectiva (escadas, lajes, negativos, escavações, etc) | F92: =VLOOKUP(D92,Calc!A92:G199,7,FALSE) -> 0.0095238095 | G92: =Calc!$G$112 -> EXCELENTE
A93: =Calc!$G$1 -> 45017 | B93: 7 | C93: ='HSE Checklist'!$B$103 -> Frentes de Obra | D93: 7_5 | E93: ='HSE Checklist'!B108 -> Andaimes interiores | F93: =VLOOKUP(D93,Calc!A93:G200,7,FALSE) -> 0.0095238095 | G93: =Calc!$G$112 -> EXCELENTE
A94: =Calc!$G$1 -> 45017 | B94: 7 | C94: ='HSE Checklist'!$B$103 -> Frentes de Obra | D94: 7_6 | E94: ='HSE Checklist'!B109 -> Iluminação das frentes de obra | F94: =VLOOKUP(D94,Calc!A94:G201,7,FALSE) -> 0.0095238095 | G94: =Calc!$G$112 -> EXCELENTE
A95: =Calc!$G$1 -> 45017 | B95: 7 | C95: ='HSE Checklist'!$B$103 -> Frentes de Obra | D95: 7_7 | E95: ='HSE Checklist'!B110 -> Ensaio de linha de vida | F95: =VLOOKUP(D95,Calc!A95:G202,7,FALSE) -> 0.0095238095 | G95: =Calc!$G$112 -> EXCELENTE
A96: =Calc!$G$1 -> 45017 | B96: 7 | C96: ='HSE Checklist'!$B$103 -> Frentes de Obra | D96: 7_8 | E96: ='HSE Checklist'!B111 -> Identificação das frentes de obra (estaleiros temporários, escadas, blocos, pisos, etc) | F96: =VLOOKUP(D96,Calc!A96:G203,7,FALSE) -> 0.0095238095 | G96: =Calc!$G$112 -> EXCELENTE
A97: =Calc!$G$1 -> 45017 | B97: 8 | C97: ='HSE Checklist'!$B$112 -> Ambiente | D97: 8_1 | E97: ='HSE Checklist'!B113 -> Nível de separação e organização da zona de armazenamento de resíduos | F97: =VLOOKUP(D97,Calc!A97:G204,7,FALSE) -> 0.0095238095 | G97: =Calc!$G$112 -> EXCELENTE
A98: =Calc!$G$1 -> 45017 | B98: 8 | C98: ='HSE Checklist'!$B$112 -> Ambiente | D98: 8_2 | E98: ='HSE Checklist'!B114 -> Existência de caixotes do lixo e limpeza atempada dos mesmos | F98: =VLOOKUP(D98,Calc!A98:G205,7,FALSE) -> 0.0095238095 | G98: =Calc!$G$112 -> EXCELENTE
A99: =Calc!$G$1 -> 45017 | B99: 8 | C99: ='HSE Checklist'!$B$112 -> Ambiente | D99: 8_3 | E99: ='HSE Checklist'!B115 -> Monitorização de consumos ambientais | F99: =VLOOKUP(D99,Calc!A99:G206,7,FALSE) -> 0.0095238095 | G99: =Calc!$G$112 -> EXCELENTE
A100: =Calc!$G$1 -> 45017 | B100: 8 | C100: ='HSE Checklist'!$B$112 -> Ambiente | D100: 8_4 | E100: ='HSE Checklist'!B116 -> Monitorização da produção de resíduos | F100: =VLOOKUP(D100,Calc!A100:G207,7,FALSE) -> 0.0095238095 | G100: =Calc!$G$112 -> EXCELENTE
A101: =Calc!$G$1 -> 45017 | B101: 8 | C101: ='HSE Checklist'!$B$112 -> Ambiente | D101: 8_5 | E101: ='HSE Checklist'!B117 -> Monitorização trimestral de gases, partículas e ruído | F101: =VLOOKUP(D101,Calc!A101:G208,7,FALSE) -> 0.0095238095 | G101: =Calc!$G$112 -> EXCELENTE
A102: =Calc!$G$1 -> 45017 | B102: 8 | C102: ='HSE Checklist'!$B$112 -> Ambiente | D102: 8_6 | E102: ='HSE Checklist'!B118 -> Geradores e outros equipamentos com risco de derrame com bacia de retenção | F102: =VLOOKUP(D102,Calc!A102:G209,7,FALSE) -> 0.0095238095 | G102: =Calc!$G$112 -> EXCELENTE
A103: =Calc!$G$1 -> 45017 | B103: 8 | C103: ='HSE Checklist'!$B$112 -> Ambiente | D103: 8_6 | E103: ='HSE Checklist'!B119 -> Kit de contenção de derrames | F103: =VLOOKUP(D103,Calc!A103:G210,7,FALSE) -> 0.0095238095 | G103: =Calc!$G$112 -> EXCELENTE
A104: =Calc!$G$1 -> 45017 | B104: 8 | C104: ='HSE Checklist'!$B$112 -> Ambiente | D104: 8_7 | E104: ='HSE Checklist'!B120 -> Existência e manutenção de lava-rodados | F104: =VLOOKUP(D104,Calc!A104:G211,7,FALSE) -> 0.0095238095 | G104: =Calc!$G$112 -> EXCELENTE
A105: =Calc!$G$1 -> 45017 | B105: 8 | C105: ='HSE Checklist'!$B$112 -> Ambiente | D105: 8_8 | E105: ='HSE Checklist'!B121 -> Existência e manutenção da bacia de lavagem dos camiões de betão | F105: =VLOOKUP(D105,Calc!A105:G212,7,FALSE) -> 0.0095238095 | G105: =Calc!$G$112 -> EXCELENTE
A106: =Calc!$G$1 -> 45017 | B106: 8 | C106: ='HSE Checklist'!$B$112 -> Ambiente | D106: 8_9 | E106: ='HSE Checklist'!B122 -> Definição de empresa de gestão de resíduos perigosos | F106: =VLOOKUP(D106,Calc!A106:G213,7,FALSE) -> 0.0095238095 | G106: =Calc!$G$112 -> EXCELENTE
A107: =Calc!$G$1 -> 45017 | B107: 8 | C107: ='HSE Checklist'!$B$112 -> Ambiente | D107: 8_10 | E107: ='HSE Checklist'!B123 -> Definição de empresa de gestão de resíduos não perigosos | F107: =VLOOKUP(D107,Calc!A107:G214,7,FALSE) -> 0.0095238095 | G107: =Calc!$G$112 -> EXCELENTE
A108: =Calc!$G$1 -> 45017 | B108: 8 | C108: ='HSE Checklist'!$B$112 -> Ambiente | D108: 8_11 | E108: ='HSE Checklist'!B124 -> Definição de empresa de gestão de águas residuais | F108: =VLOOKUP(D108,Calc!A108:G215,7,FALSE) -> 0.0095238095 | G108: =Calc!$G$112 -> EXCELENTE
... A110: =Calc!$G$1 -> 45017 | B110: 8 | C110: ='HSE Checklist'!$B$112 -> Ambiente | D110: 8_13 | E110: ='HSE Checklist'!B126 -> Ligação à rede pública de eletricidade | F110: =VLOOKUP(D110,Calc!A110:G217,7,FALSE) -> 0.0095238095 | G110: =Calc!$G$112 -> EXCELENTE

Sheet Database
A1: Date | B1: Parent ID | C1: Parent Item | D1: ID | E1: Item | F1: Evaluation | G1: Total Evaluation (month)
